work_type,title,byline,release_date,month,day,extra,source_url
death,Roy Haynes,,2024-11-12,11,12,death,https://en.wikipedia.org/wiki/Roy_Haynes
death,John Horgan,,2024-11-12,11,12,death,https://en.wikipedia.org/wiki/John_Horgan
death,Song Jae-rim,,2024-11-12,11,12,death,https://en.wikipedia.org/wiki/Song_Jae-rim
death,Thomas E. Kurtz,,2024-11-12,11,12,death,https://en.wikipedia.org/wiki/Thomas_E._Kurtz
death,Timothy West,,2024-11-12,11,12,death,https://en.wikipedia.org/wiki/Timothy_West
death,Don Walsh,,2023-11-12,11,12,death,https://en.wikipedia.org/wiki/Don_Walsh
death,Chung-Yun Hse,,2021-11-12,11,12,death,https://en.wikipedia.org/wiki/Chung-Yun_Hse
death,Stan Lee,,2018-11-12,11,12,death,https://en.wikipedia.org/wiki/Stan_Lee
death,Lupita Tovar,,2016-11-12,11,12,death,https://en.wikipedia.org/wiki/Lupita_Tovar
death,Mahmoud Abdel Aziz,,2016-11-12,11,12,death,https://en.wikipedia.org/wiki/Mahmoud_Abdel_Aziz
death,Márton Fülöp,,2015-11-12,11,12,death,https://en.wikipedia.org/wiki/M%C3%A1rton_F%C3%BCl%C3%B6p
death,Jihadi John,,2015-11-12,11,12,death,https://en.wikipedia.org/wiki/Jihadi_John
death,Ravi Chopra,,2014-11-12,11,12,death,https://en.wikipedia.org/wiki/Ravi_Chopra
death,Warren Clarke,,2014-11-12,11,12,death,https://en.wikipedia.org/wiki/Warren_Clarke
death,Marge Roukema,,2014-11-12,11,12,death,https://en.wikipedia.org/wiki/Marge_Roukema
death,Valery Senderov,,2014-11-12,11,12,death,https://en.wikipedia.org/wiki/Valery_Senderov
death,Steve Rexe,,2013-11-12,11,12,death,https://en.wikipedia.org/wiki/Steve_Rexe
death,Konrad Rudnicki,,2013-11-12,11,12,death,https://en.wikipedia.org/wiki/Konrad_Rudnicki
death,Aleksandr Serebrov,,2013-11-12,11,12,death,https://en.wikipedia.org/wiki/Aleksandr_Serebrov
death,John Tavener,,2013-11-12,11,12,death,https://en.wikipedia.org/wiki/John_Tavener
death,Kurt Trampedach,,2013-11-12,11,12,death,https://en.wikipedia.org/wiki/Kurt_Trampedach
death,Hans Hammarskiöld,,2012-11-12,11,12,death,https://en.wikipedia.org/wiki/Hans_Hammarski%C3%B6ld
death,Sergio Oliva,,2012-11-12,11,12,death,https://en.wikipedia.org/wiki/Sergio_Oliva
death,Daniel Stern (psychologist),,2012-11-12,11,12,death,https://en.wikipedia.org/wiki/Daniel_Stern_(psychologist)
death,Henryk Górecki,,2010-11-12,11,12,death,https://en.wikipedia.org/wiki/Henryk_G%C3%B3recki
death,Catherine Baker Knoll,,2008-11-12,11,12,death,https://en.wikipedia.org/wiki/Catherine_Baker_Knoll
death,Mitch Mitchell,,2008-11-12,11,12,death,https://en.wikipedia.org/wiki/Mitch_Mitchell
death,K. C. Ibrahim,,2007-11-12,11,12,death,https://en.wikipedia.org/wiki/K._C._Ibrahim
death,Ira Levin,,2007-11-12,11,12,death,https://en.wikipedia.org/wiki/Ira_Levin
death,Jonathan Brandis,,2003-11-12,11,12,death,https://en.wikipedia.org/wiki/Jonathan_Brandis
death,Cameron Duncan,,2003-11-12,11,12,death,https://en.wikipedia.org/wiki/Cameron_Duncan
death,Penny Singleton,,2003-11-12,11,12,death,https://en.wikipedia.org/wiki/Penny_Singleton
death,Tony Thompson (drummer),,2003-11-12,11,12,death,https://en.wikipedia.org/wiki/Tony_Thompson_(drummer)
death,Albert Hague,,2001-11-12,11,12,death,https://en.wikipedia.org/wiki/Albert_Hague
death,Tony Miles,,2001-11-12,11,12,death,https://en.wikipedia.org/wiki/Tony_Miles
death,Franck Pourcel,,2000-11-12,11,12,death,https://en.wikipedia.org/wiki/Franck_Pourcel
death,Roy Hollis,,1998-11-12,11,12,death,https://en.wikipedia.org/wiki/Roy_Hollis
death,Sally Shlaer,,1998-11-12,11,12,death,https://en.wikipedia.org/wiki/Sally_Shlaer
death,Carlos Surinach,,1997-11-12,11,12,death,https://en.wikipedia.org/wiki/Carlos_Surinach
death,Wilma Rudolph,,1994-11-12,11,12,death,https://en.wikipedia.org/wiki/Wilma_Rudolph
death,H. R. Haldeman,,1993-11-12,11,12,death,https://en.wikipedia.org/wiki/H._R._Haldeman
death,Gabriele Tinti (actor),,1991-11-12,11,12,death,https://en.wikipedia.org/wiki/Gabriele_Tinti_(actor)
death,Eve Arden,,1990-11-12,11,12,death,https://en.wikipedia.org/wiki/Eve_Arden
death,Minoru Yasui,,1986-11-12,11,12,death,https://en.wikipedia.org/wiki/Minoru_Yasui
death,William Holden,,1981-11-12,11,12,death,https://en.wikipedia.org/wiki/William_Holden
death,Mikhail Gurevich (aircraft designer),,1976-11-12,11,12,death,https://en.wikipedia.org/wiki/Mikhail_Gurevich_(aircraft_designer)
death,Walter Piston,,1976-11-12,11,12,death,https://en.wikipedia.org/wiki/Walter_Piston
death,Rudolf Friml,,1972-11-12,11,12,death,https://en.wikipedia.org/wiki/Rudolf_Friml
death,Tommy Wisdom,,1972-11-12,11,12,death,https://en.wikipedia.org/wiki/Tommy_Wisdom
death,Hanna Neumann,,1971-11-12,11,12,death,https://en.wikipedia.org/wiki/Hanna_Neumann
death,Liu Shaoqi,,1969-11-12,11,12,death,https://en.wikipedia.org/wiki/Liu_Shaoqi
death,Many Benner,,1965-11-12,11,12,death,https://en.wikipedia.org/wiki/Many_Benner
death,Taher Saifuddin,,1965-11-12,11,12,death,https://en.wikipedia.org/wiki/Taher_Saifuddin
death,Roque González Garza,,1962-11-12,11,12,death,https://en.wikipedia.org/wiki/Roque_Gonz%C3%A1lez_Garza
death,Gustaf Söderström,,1958-11-12,11,12,death,https://en.wikipedia.org/wiki/Gustaf_S%C3%B6derstr%C3%B6m
death,Alfréd Hajós,,1955-11-12,11,12,death,https://en.wikipedia.org/wiki/Alfr%C3%A9d_Haj%C3%B3s
death,Tin Ujević,,1955-11-12,11,12,death,https://en.wikipedia.org/wiki/Tin_Ujevi%C4%87
death,Sarah Wambaugh,,1955-11-12,11,12,death,https://en.wikipedia.org/wiki/Sarah_Wambaugh
death,Lesley Ashburner,,1950-11-12,11,12,death,https://en.wikipedia.org/wiki/Lesley_Ashburner
death,Julia Marlowe,,1950-11-12,11,12,death,https://en.wikipedia.org/wiki/Julia_Marlowe
death,Umberto Giordano,,1948-11-12,11,12,death,https://en.wikipedia.org/wiki/Umberto_Giordano
death,Albert Bond Lambert,,1946-11-12,11,12,death,https://en.wikipedia.org/wiki/Albert_Bond_Lambert
death,Madan Mohan Malaviya,,1946-11-12,11,12,death,https://en.wikipedia.org/wiki/Madan_Mohan_Malaviya
death,Maurice O'Neill (Irish republican),,1942-11-12,11,12,death,https://en.wikipedia.org/wiki/Maurice_O'Neill_(Irish_republican)
death,Norman Bethune,,1939-11-12,11,12,death,https://en.wikipedia.org/wiki/Norman_Bethune
death,John Cady (golfer),,1933-11-12,11,12,death,https://en.wikipedia.org/wiki/John_Cady_(golfer)
death,F. Holland Day,,1933-11-12,11,12,death,https://en.wikipedia.org/wiki/F._Holland_Day
death,Percival Lowell,,1916-11-12,11,12,death,https://en.wikipedia.org/wiki/Percival_Lowell
death,William Henry Barlow,,1902-11-12,11,12,death,https://en.wikipedia.org/wiki/William_Henry_Barlow
death,Joseph James Cheeseman,,1896-11-12,11,12,death,https://en.wikipedia.org/wiki/Joseph_James_Cheeseman
death,Elizabeth Gaskell,,1865-11-12,11,12,death,https://en.wikipedia.org/wiki/Elizabeth_Gaskell
death,William Christopher Zeise,,1847-11-12,11,12,death,https://en.wikipedia.org/wiki/William_Christopher_Zeise
death,Juan Ramón Balcarce,,1836-11-12,11,12,death,https://en.wikipedia.org/wiki/Juan_Ram%C3%B3n_Balcarce
death,Jean Sylvain Bailly,,1793-11-12,11,12,death,https://en.wikipedia.org/wiki/Jean_Sylvain_Bailly
death,Lord George Gordon,,1793-11-12,11,12,death,https://en.wikipedia.org/wiki/Lord_George_Gordon
death,Friedrich Hoffmann,,1742-11-12,11,12,death,https://en.wikipedia.org/wiki/Friedrich_Hoffmann
death,Thomas Fairfax,,1671-11-12,11,12,death,https://en.wikipedia.org/wiki/Thomas_Fairfax
death,Hans Nansen,,1667-11-12,11,12,death,https://en.wikipedia.org/wiki/Hans_Nansen
death,Josaphat Kuntsevych,,1623-11-12,11,12,death,https://en.wikipedia.org/wiki/Josaphat_Kuntsevych
death,John Hawkins (naval commander),,1595-11-12,11,12,death,https://en.wikipedia.org/wiki/John_Hawkins_(naval_commander)
death,Henry of Stolberg,,1572-11-12,11,12,death,https://en.wikipedia.org/wiki/Henry_of_Stolberg
death,"Anne de Montmorency, 1st Duke of Montmorency",,1567-11-12,11,12,death,https://en.wikipedia.org/wiki/Anne_de_Montmorency%2C_1st_Duke_of_Montmorency
death,Peter Martyr Vermigli,,1562-11-12,11,12,death,https://en.wikipedia.org/wiki/Peter_Martyr_Vermigli
death,Stephen Gardiner,,1555-11-12,11,12,death,https://en.wikipedia.org/wiki/Stephen_Gardiner
death,Yang Jisheng (Ming dynasty),,1555-11-12,11,12,death,https://en.wikipedia.org/wiki/Yang_Jisheng_(Ming_dynasty)
death,Zhang Jing (Ming dynasty),,1555-11-12,11,12,death,https://en.wikipedia.org/wiki/Zhang_Jing_(Ming_dynasty)
death,Louis III of Anjou,,1434-11-12,11,12,death,https://en.wikipedia.org/wiki/Louis_III_of_Anjou
death,"John Henry, Margrave of Moravia",,1375-11-12,11,12,death,https://en.wikipedia.org/wiki/John_Henry%2C_Margrave_of_Moravia
death,John of Viktring,,1347-11-12,11,12,death,https://en.wikipedia.org/wiki/John_of_Viktring
death,Henry de Abergavenny,,1218-11-12,11,12,death,https://en.wikipedia.org/wiki/Henry_de_Abergavenny
death,Philippe du Plessis,,1209-11-12,11,12,death,https://en.wikipedia.org/wiki/Philippe_du_Plessis
death,Canute VI of Denmark,,1202-11-12,11,12,death,https://en.wikipedia.org/wiki/Canute_VI_of_Denmark
death,Duncan II of Scotland,,1094-11-12,11,12,death,https://en.wikipedia.org/wiki/Duncan_II_of_Scotland
death,"William I, Count of Burgundy",,1087-11-12,11,12,death,https://en.wikipedia.org/wiki/William_I%2C_Count_of_Burgundy
death,Cnut,,1035-11-12,11,12,death,https://en.wikipedia.org/wiki/Cnut
death,Notker Physicus,,0975-11-12,11,12,death,https://en.wikipedia.org/wiki/Notker_Physicus
death,"Burchard III, Duke of Swabia",,0973-11-12,11,12,death,https://en.wikipedia.org/wiki/Burchard_III%2C_Duke_of_Swabia
death,Livinus,,0657-11-12,11,12,death,https://en.wikipedia.org/wiki/Livinus
death,Pope Boniface III,,0607-11-12,11,12,death,https://en.wikipedia.org/wiki/Pope_Boniface_III
